<?xml version="1.0"?>
<root xmlns="urn:schemas-upnp-org:device-1-0">
<specVersion>
<major>1</major>
<minor>0</minor>
</specVersion>
<device>
<deviceType>urn:roku-com:device:player:1-0</deviceType>
<friendlyName>Roku Ultra</friendlyName>
<manufacturer>Roku</manufacturer>
<manufacturerURL>http://www.roku.com/</manufacturerURL>
<modelDescription>Roku Streaming Player Network Media</modelDescription>
<modelName>Roku Ultra</modelName>
<modelNumber>4670X</modelNumber>
<modelURL>http://www.roku.com/</modelURL>
<serialNumber>YJ00E7336755</serialNumber>
<UDN>uuid:29680015-1c05-1023-8073-8c4962133c48</UDN>
<serviceList>
<service>
<serviceType>urn:roku-com:service:ecp:1</serviceType>
<serviceId>urn:roku-com:serviceId:ecp1-0</serviceId>
<controlURL></controlURL>
<eventSubURL></eventSubURL>
<SCPDURL>ecp_SCPD.xml</SCPDURL>
</service>
<service>
<serviceType>urn:dial-multiscreen-org:service:dial:1</serviceType>
<serviceId>urn:dial-multiscreen-org:serviceId:dial1-0</serviceId>
<controlURL></controlURL>
<eventSubURL></eventSubURL>
<SCPDURL>dial_SCPD.xml</SCPDURL>
</service>
</serviceList>
</device>
</root>
